INSERT INTO DISCOUNTTYPE(ID, TYPENAME) VALUES(1,'Percent');
INSERT INTO DISCOUNTTYPE(ID, TYPENAME) VALUES(2,'ValueOff');

INSERT INTO COUPON(ID, CODE, DISCOUNTTYPEID, VALUE, EXPIRYDATE) VALUES (1,'PERCENT10',1,10,'2018-12-31');
INSERT INTO COUPON(ID, CODE, DISCOUNTTYPEID, VALUE, EXPIRYDATE) VALUES (2,'VALUE10',2,10,'2018-12-31');
INSERT INTO COUPON(ID, CODE, DISCOUNTTYPEID, VALUE, EXPIRYDATE) VALUES (3,'PERCENT5',1,5,'2018-12-31');
INSERT INTO COUPON(ID, CODE, DISCOUNTTYPEID, VALUE, EXPIRYDATE) VALUES (4,'VALUE5',2,5,'2018-12-31');
INSERT INTO COUPON(ID, CODE, DISCOUNTTYPEID, VALUE, EXPIRYDATE) VALUES (5,'PERCENT5',1,20,'2018-12-31');
INSERT INTO COUPON(ID, CODE, DISCOUNTTYPEID, VALUE, EXPIRYDATE) VALUES (6,'VALUE5',2,20,'2018-12-31');

INSERT INTO PRODUCTFORMAT(ID, NAME) VALUES (1,'DIGITAL');
INSERT INTO PRODUCTFORMAT(ID, NAME) VALUES (2,'PHYSICAL');
INSERT INTO PRODUCTFORMAT(ID, NAME) VALUES (3,'MIXED');

INSERT INTO PRODUCT(ID, DISPLAYNAME, UNITPRICE, DEFAULTQTY, ISDEFAULTQTYEDIT, ISREMOVABLE, PRODUCTFORMATID) VALUES(1,'10 TB - Seagate Hard Drive',200.00,1,TRUE,TRUE,2);
INSERT INTO PRODUCT(ID, DISPLAYNAME, UNITPRICE, DEFAULTQTY, ISDEFAULTQTYEDIT, ISREMOVABLE, PRODUCTFORMATID) VALUES(2,'Acer Keyboard',20.00,1,TRUE,TRUE,2);
INSERT INTO PRODUCT(ID, DISPLAYNAME, UNITPRICE, DEFAULTQTY, ISDEFAULTQTYEDIT, ISREMOVABLE, PRODUCTFORMATID) VALUES(3,'Acer Mouse',14.99,1,TRUE,TRUE,2);
INSERT INTO PRODUCT(ID, DISPLAYNAME, UNITPRICE, DEFAULTQTY, ISDEFAULTQTYEDIT, ISREMOVABLE, PRODUCTFORMATID) VALUES(4,'I7 Processor',399.00,1,TRUE,TRUE,2);
INSERT INTO PRODUCT(ID, DISPLAYNAME, UNITPRICE, DEFAULTQTY, ISDEFAULTQTYEDIT, ISREMOVABLE, PRODUCTFORMATID) VALUES(5,'WESTGATE 250 GB SSD',100.00,1,TRUE,TRUE,2);
INSERT INTO PRODUCT(ID, DISPLAYNAME, UNITPRICE, DEFAULTQTY, ISDEFAULTQTYEDIT, ISREMOVABLE, PRODUCTFORMATID) VALUES(6,'Windows 10',49.99,1,TRUE,FALSE,3);
INSERT INTO PRODUCT(ID, DISPLAYNAME, UNITPRICE, DEFAULTQTY, ISDEFAULTQTYEDIT, ISREMOVABLE, PRODUCTFORMATID) VALUES(7,'Windows 7',39.99,1,TRUE,FALSE,3);
INSERT INTO PRODUCT(ID, DISPLAYNAME, UNITPRICE, DEFAULTQTY, ISDEFAULTQTYEDIT, ISREMOVABLE, PRODUCTFORMATID) VALUES(8,'HMA VPN SOFTWARE',49.99,1,TRUE,TRUE,1);



INSERT INTO DISCOUNT(ID, DISCOUNTTYPEID, PRODUCTID, QUANTITY, VALUE, DISCOUNTORDER) VALUES (1, 2, 1, 2, 50.00, 1);
INSERT INTO DISCOUNT(ID, DISCOUNTTYPEID, PRODUCTID, QUANTITY, VALUE, DISCOUNTORDER) VALUES (2, 2, 1, 4, 150.00, 1);
INSERT INTO DISCOUNT(ID, DISCOUNTTYPEID, PRODUCTID, QUANTITY, VALUE, DISCOUNTORDER) VALUES (3, 2, 2, 10, 50.00, 1);
INSERT INTO DISCOUNT(ID, DISCOUNTTYPEID, PRODUCTID, QUANTITY, VALUE, DISCOUNTORDER) VALUES (4, 1, 6, 2, 30, 1);

INSERT INTO STORE(ID, STORENAME, STOREADDR, DISPLAYNAME) VALUES (1, 'Frys Electronics, Burbank', 'Burbank', 'Frys Burbank');
INSERT INTO STORE(ID, STORENAME, STOREADDR, DISPLAYNAME) VALUES (2, 'Frys Electronics, Woodland', 'Woodland Hills', 'Frys Woodland');

INSERT INTO LOGINPERSON(ID, NAME, DISPLAYNAME, PASSWORD) VALUES(1, 'Admin', 'Admin', 'admin123');
INSERT INTO LOGINPERSON(ID, NAME, DISPLAYNAME, PASSWORD) VALUES(2, 'StoreManager', 'Store Manager', 'manager123');
INSERT INTO LOGINPERSON(ID, NAME, DISPLAYNAME, PASSWORD) VALUES(3, 'Cashier1', 'Store Cashier 1', 'cash123');
INSERT INTO LOGINPERSON(ID, NAME, DISPLAYNAME, PASSWORD) VALUES(4, 'Cashier2', 'Store Cashier 2', 'cash456');

commit;